[{"ID":"1","service_id":"66","title":"LG Washing Machine Repair","image":"lg.png","url":"https:\/\/onepointservices.co.in\/repair-service\/lg-washing-machine-service-centre-near-me"},{"ID":"2","service_id":"66","title":"IFB Washing Machine Repair","image":"ifb.png","url":"https:\/\/onepointservices.co.in\/repair-service\/ifb-washing-machine-service-centre-near-me"},{"ID":"3","service_id":"66","title":"Samsung Washing Machine Repair","image":"samsung.png","url":"https:\/\/onepointservices.co.in\/repair-service\/samsung-washing-machine-service-centre-near-me"},{"ID":"4","service_id":"66","title":"Whirlpool Washing Machine Repair","image":"whirlpool.png","url":"https:\/\/onepointservices.co.in\/repair-service\/whirlpool-washing-machine-service-centre-near-me"},{"ID":"5","service_id":"66","title":"Haier Washing Machine Repair","image":"haier.png","url":"https:\/\/onepointservices.co.in\/repair-service\/haier-washing-machine-service-centre-near-me"},{"ID":"6","service_id":"66","title":"Bosch Washing Machine Repair","image":"bosch.png","url":"https:\/\/onepointservices.co.in\/repair-service\/bosch-washing-machine-service-centre-near-me"},{"ID":"7","service_id":"66","title":"Godrej Washing Machine Repair","image":"godrej.png","url":"https:\/\/onepointservices.co.in\/repair-service\/godrej-washing-machine-service-centre-near-me"},{"ID":"8","service_id":"66","title":"Panasonic Washing Machine Repair","image":"panasonic.png","url":"https:\/\/onepointservices.co.in\/repair-service\/panasonic-washing-machine-service-centre-near-me"},{"ID":"9","service_id":"66","title":"Onida Washing Machine Repair","image":"onida.png","url":"https:\/\/onepointservices.co.in\/repair-service\/onida-washing-machine-service-centre-near-me"},{"ID":"187","service_id":"66","title":"Videocon Washing Machine Repair","image":"videocon.png","url":"https:\/\/onepointservices.co.in\/repair-service\/videocon-washing-machine-service-centre-near-me"}]