[{"CityId":"2","CityName":"Sitapur","image":"sitapur4124.png","url":"sitapur","topbanner":"","metaTitle":"Expert Repair Service in Sitapur. Repairing Service Center -One Point Services","metaDescription":"Book Expert local repair services at Home in Sitapur. Get Professional technician near you for Appliance Repair & Service near you. In Home Repairing and Servicing customer care in Sitapur. Service Center near me -One Point Services toll free helpline number","featured":"0","status":"1","CreatedDate":"2021-08-10"},{"CityId":"3","CityName":"Bareilly","image":"BareillyCityCompress.png","url":"bareilly","topbanner":"","metaTitle":"Expert Repair Service in Bareilly. Repairing Service Center -One Point Services","metaDescription":"Book Expert local repair services at Home in Bareilly. Get Professional technician near you for Appliance Repair & Service near you. In Home Repairing and Servicing customer care in Bareilly. Service Center near me -One Point Services toll free helpline number","featured":"0","status":"1","CreatedDate":"2021-08-17"},{"CityId":"39","CityName":"Lucknow","image":"lucknow1978.png","url":"lucknow","topbanner":"","metaTitle":"Expert Repair Service in Lucknow. Repairing Service Center -One Point Services","metaDescription":"Book Expert local repair services at Home in Lucknow. Get Professional technician near you for Appliance Repair & Service near you. In Home Repairing and Servicing customer care in Lucknow. Service Center near me -One Point Services toll free helpline number","featured":"0","status":"1","CreatedDate":"2021-12-22"},{"CityId":"40","CityName":"Pune","image":"Pune.jpg","url":"pune","topbanner":"","metaTitle":"Expert Repair Service in Pune. Repairing Service Center -One Point Services","metaDescription":"Book Expert local repair services at Home in Pune. Get Professional technician near you for Appliance Repair & Service near you. In Home Repairing and Servicing customer care in Pune. Service Center near me -One Point Services toll free helpline number","featured":"0","status":"1","CreatedDate":"2021-12-22"},{"CityId":"43","CityName":"Bhopal","image":"bhopal3991.png","url":"bhopal","topbanner":"","metaTitle":"Expert Repair in Bhopal. Repairing Service Center -One Point Services","metaDescription":"Book Expert local repair services at Home in Bhopal. Get Professional technician near you for Appliance Repair & Service near you. In Home Repairing and Servicing customer care in Bhopal. Service Center near me -One Point Services toll free helpline number","featured":"0","status":"1","CreatedDate":"2022-10-11"},{"CityId":"44","CityName":"Indore","image":"indore3249.jpeg","url":"Expert Repair Service in Indore. Repairing Service Center -One Point Services","topbanner":"","metaTitle":"indore","metaDescription":"Book Expert local repair services at Home in Indore. Get Professional technician near you for Appliance Repair & Service near you. In Home Repairing and Servicing customer care in Indore. Service Center near me -One Point Services toll free helpline number","featured":"1","status":"1","CreatedDate":"2022-10-13"},{"CityId":"45","CityName":"Patna","image":"patna1540.png","url":"patna","topbanner":"","metaTitle":"Expert Repair Service in Patna. Repairing Service Center -One Point Services","metaDescription":"Book Expert local repair services at Home in Patna. Get Professional technician near you for Appliance Repair & Service near you. In Home Repairing and Servicing customer care in Patna. Service Center near me -One Point Services toll free helpline number","featured":"1","status":"1","CreatedDate":"2022-10-15"},{"CityId":"46","CityName":"Kanpur","image":"kanpur6931.png","url":"kanpur","topbanner":"","metaTitle":"Expert Repair Service in Kanpur. Repairing Service Center -One Point Services","metaDescription":"Book Expert local repair services at Home in Kanpur. Get Professional technician near you for Appliance Repair & Service near you. In Home Repairing and Servicing customer care in Kanpur. Service Center near me -One Point Services toll free helpline number","featured":"1","status":"1","CreatedDate":"2022-10-30"},{"CityId":"47","CityName":"Agra","image":"agra9463.png","url":"agra","topbanner":"","metaTitle":"Expert Repair Service in Agra. Repairing Service Center -One Point Services","metaDescription":"Book Expert local repair services at Home in Agra. Get Professional technician near you for Appliance Repair & Service near you. In Home Repairing and Servicing customer care in Agra. Service Center near me -One Point Services toll free helpline number","featured":"1","status":"1","CreatedDate":"2022-10-31"},{"CityId":"48","CityName":"Varanasi","image":"varanasi2200.png","url":"varanasi","topbanner":"","metaTitle":"Expert Repair Service in Varanasi. Repairing Service Center -One Point Services","metaDescription":"Book Expert local repair services at Home in Varanasi. Get Professional technician near you for Appliance Repair & Service near you. In Home Repairing and Servicing customer care in Varanasi. Service Center near me -One Point Services toll free helpline number","featured":"1","status":"1","CreatedDate":"2022-10-31"},{"CityId":"49","CityName":"Jaipur","image":"jaipur5954.png","url":"jaipur","topbanner":"","metaTitle":"Expert Repair in Jaipur. Repairing Service Center -One Point Services","metaDescription":"Book Expert local repair services at Home in Jaipur. Get Professional technician near you for Appliance Repair & Service near you. In Home Repairing and Servicing customer care in Jaipur. Service Center near me -One Point Services toll free helpline number","featured":"1","status":"1","CreatedDate":"2022-11-01"},{"CityId":"50","CityName":"Dehradun","image":"dehradun3881.png","url":"dehradun","topbanner":"","metaTitle":"Expert Repair in Dehradun. Repairing Service Center -One Point Services","metaDescription":"Book Expert local repair services at Home in Dehradun. Get Professional technician near you for Appliance Repair & Service near you. In Home Repairing and Servicing customer care in Dehradun. Service Center near me -One Point Services toll free helpline number","featured":"1","status":"1","CreatedDate":"2022-11-01"}]