[{"ID":"1","service_id":"66","q":"How much cost do I have to pay for washing machine repair?","a":"Cost of washing machine repair includes the service charge & part charge (if any). Our customer care executive will tell you the service charge. In case of part required our service partner will inform you. "},{"ID":"2","service_id":"66","q":"How do I know the part charge?","a":"Our service partner will tell you the part charge. You can also purchase the part by yourself."},{"ID":"3","service_id":"66","q":"What are the services you offered related to washing machine repair?","a":"Washing Machine not working, Dryer Issue, Spinning Issue"}]