[{"ID":"1","client_name":"Ravi Kapoor","review":"Maine washing machine repair service li . Bahut acchi service di one point k technicians ne thank you one point services","client_image":"ravi-kapoor1933962634.png","service_id":"66","random_page":"0","location_service":"0","added_on":"2022-02-26 06:00:09","area":"","rating":"0"},{"ID":"2","client_name":"Vikas Kumar","review":"Maine washing machine ki service li thi one point service se bahut efficient work Kia one point ne. Thank uh","client_image":"vikas-kumar598271615.png","service_id":"66","random_page":"0","location_service":null,"added_on":"2022-02-26 06:01:49","area":"","rating":"0"},{"ID":"724","client_name":"Shruti Singh","review":"My Washing Machine got repaired by One Point. Fully satisfied with their service. I recommend One Point for Washing Machine Repair Service. ","client_image":"shruti-singh2567084.jpeg","service_id":"66","random_page":"0","location_service":"0","added_on":"2022-04-09 04:33:41","area":"","rating":"0"},{"ID":"725","client_name":"Alok Shastri","review":"I recommend everyone the repair service of One Point. My Washing Machine got repaired in affordable cost. I recommend everyone for Washing Machine Repair Service ","client_image":"alok-shastri1813883722.jpeg","service_id":"66","random_page":"0","location_service":"0","added_on":"2022-04-09 04:36:31","area":"","rating":"0"},{"ID":"726","client_name":"Bhaskar","review":"In this pandemic time my Washing Machine sudden stop working . I called One Point Services for my Washing Machine Repair Service. They provide best and satisfactory Washing Machine Repair Service near me","client_image":"bhaskar214747312.jpeg","service_id":"66","random_page":"0","location_service":"0","added_on":"2022-04-09 04:38:57","area":"","rating":"0"}]