[{"ID":"66","Name":"Washing Machine Repair","ServiceUrl":"washing-machine-repair-service","DisplayPriority":"5","mainheading":"Best Online Customer Care for Expert Technician","service_img":"washing machine repair-one point services.png","featured":"1","MetaDescription":"Book expert technician for Washing Machine repair Near me. Get professional local services Near you for Washing Machine repair service Near you. In home washing machine repairing & servicing customer care Near me. Authorized Washing machine service center Near me -One Point Services","MetaTitle":"Expert Washing Machine Repair Near me, Repairing Service -One Point Services","MetaKeyword":"washing machine repair, washing machine repair service, washing machine service centre, washing machine repairing, washing machine repair near me, washing machine repair service near me","brand_heading":"We Repair All Leading Washing Machine Brands","subservice_heading":"Type of Washing Machine We Repair","status":"1","safety":"1","safety_img":"","desc_box_h1":"Common Issues","desc_box_h2":"Services Offered","desc_box_h3":"","desc_box_h1_desc":"<p>&nbsp;<\/p>\r\n<p><span style=\"font-family: 'comic sans ms', sans-serif;\">Washing Machine not working<\/span><\/p>\r\n<p><span style=\"font-family: 'comic sans ms', sans-serif;\">Dryer not working<\/span><\/p>\r\n<p><span style=\"font-family: 'comic sans ms', sans-serif;\">Spinning Issue<\/span><\/p>\r\n<p><span style=\"font-family: 'comic sans ms', sans-serif;\">Button not working<\/span><\/p>\r\n<p><span style=\"font-family: 'comic sans ms', sans-serif;\">Any Other Issue<\/span><\/p>","desc_box_h2_desc":"<p><span style=\"font-family: 'comic sans ms', sans-serif;\">&nbsp; &nbsp; <\/span><\/p>\r\n<p><span style=\"font-family: 'comic sans ms', sans-serif;\">Washing Machine Repair<\/span><\/p>\r\n<p><span style=\"font-family: 'comic sans ms', sans-serif;\">Washing Machine Service<\/span><\/p>\r\n<p><span style=\"font-family: 'comic sans ms', sans-serif;\">Washing Machine Installation<\/span><\/p>\r\n<p><span style=\"font-family: 'comic sans ms', sans-serif;\">Washing Machine Uninstallation<\/span><\/p>\r\n<p><span style=\"font-family: 'comic sans ms', sans-serif;\">Washing Machine Reinstallation<\/span><\/p>\r\n<p><span style=\"font-family: 'comic sans ms', sans-serif;\">Any Other Issue<\/span><\/p>","desc_box_h3_desc":"","cityLinkHeading":"Top Places","serviceLinkHeading":"Top Services"}]